Temperature_C,Pressure_PSI,Power_Output_W
102.9889628523367,72.74789587787068,6.033244443254735
116.81714335383799,50.737607493764045,6.250601413423538
111.56785460347372,50.663706545869914,5.86548376885162
108.36780362072888,59.70830657448624,5.990130287772906
97.74444737061847,64.65929571213996,5.788171209230375
97.74386848806887,73.1122225342338,6.0222768150025985
95.39400669203678,70.49886129819515,5.5792726399175665
114.78822749859845,63.37708119130245,6.373765435347689
108.426760281837,58.208799988449975,6.040739636755772
110.99374186710509,79.91373500473134,6.621009199996316
94.49402786309926,62.78543906707919,5.426979683188886
117.27783645188786,63.541610729890266,6.590740959379168
113.97862337921012,54.90871463575007,6.179828410072366
99.09613865627863,73.84428646249788,5.934766741694667
98.36379921297042,70.81046677344466,5.8972087248529315
98.4017082364824,56.62308838366281,5.561180865296058
101.30181383102891,52.47143136847528,5.5643716607131495
106.5941543591737,70.4149790622414,6.1940755470150615
104.36668044741077,69.63533642843406,6.080371052781632
100.989499364753,58.19778580994628,5.671482084624598
108.6844694733371,78.5259068675123,6.4354396573837045
97.347852655649,54.531736753427005,5.631152821623217
101.01147156484524,62.97004403127806,5.861009045837721
102.7926842390486,78.30847760502797,6.16229231105483
104.94567962120887,62.59181950778367,6.044087413561146
112.84422307343232,69.15577842992256,6.427723657927305
98.79217077180063,61.92783193888383,5.80151678726737
106.34162652192668,58.2264560704601,5.986866534115713
108.21794965268901,79.51932943879484,6.449464108746479
95.11480990527994,62.28002018945129,5.570538542107651
108.58107644563452,76.82297611037403,6.265520347054184
98.09257896849499,56.89863817673259,5.439462070225946
95.56123823164671,56.3931411207525,5.308726042199246
116.77325289408,50.93402248653534,6.287771139440677
117.17516879378942,69.55000476127655,6.837134190894564
113.40153635479507,61.05579031171283,6.547314956819298
101.3107304601609,75.93074749518911,6.141402930755097
96.34413073615322,64.19629720074671,5.669496274636274
110.42159263629176,79.04580283744166,6.369781951966688
104.56365984975044,55.565765471093634,5.76241262268724
96.92891763627469,76.05869503866832,5.804196819214903
105.88424584267048,73.29790558375225,6.168664414770104
94.82532450676524,73.12765533932156,5.712878327732388
115.82368964989077,75.34349684350663,6.671726913345504
100.2107195584004,72.83071972828996,5.768166793656238
109.90053482449557,68.78660964894246,6.3960472856929025
101.48106582614587,53.93734633047163,5.538120586212016
106.48163250826747,50.975785384737556,5.835113856977902
107.12104670423871,77.6254354344706,6.580364077355151
98.43650693261264,68.49950943562214,5.707694541521369
117.2700310663494,73.89611872928529,6.502045020296796
112.60318776066674,64.4456705453765,6.327456437949523
116.54797459754053,53.51924566887183,6.425139733766617
115.47585641026357,53.755573766076516,6.467359759205451
108.34959949146605,70.56695861686914,6.164116190008114
116.12498164055481,62.90917684698388,6.533477633088295
96.12382004924606,56.0157418010101,5.399355692558269
98.70358869805949,64.74783640224311,5.726023384027124
95.08545493385292,51.92626811225402,5.581805168970164
101.80792793831834,67.45914205743196,5.78024256553345
103.32825495254757,58.06980213305293,5.836541481675156
100.5123767625735,73.92677301911564,6.048361731874663
113.8897002196463,59.31085876770722,6.419832317732163
102.56207984064613,63.656604472454035,5.898223997625246
100.74242823249713,50.34861619724302,5.571186648357641
107.02470599579796,52.17340663383676,5.820415045745464
97.3821813993943,61.77480669220054,5.6446069909412655
113.25272753809695,64.3981650415137,6.3500168124948955
95.7892154483145,68.0006164435791,5.732684213031339
117.68528647841242,58.7498773612791,6.433874405149778
112.53387446311979,70.84945658379627,6.5187235219065345
98.76917635682014,75.80367191567613,5.957760093001931
94.13253081096646,73.3955296668005,5.816479504906717
113.57107428291602,51.18856476045072,6.129330265581387
110.96457625234281,64.41520841773487,6.1044068528894355
111.4961720329837,53.147905352545244,6.20647799860657
112.5104883204627,57.26135047587582,6.117625753852076
95.77707164161816,79.59987779801439,5.836589145968223
102.60317748506255,54.2748662870454,5.643074183164374
96.78085742860311,64.96664460354069,5.791915285675035
114.71448222101424,68.54467202954358,6.319477719138642
108.95915504386139,71.07394911632312,6.638415812666224
101.94155259646358,66.78946050460742,6.028764757839615
95.52540040686456,50.29312542257551,5.3268294181733316
101.46357572117589,59.79383924731975,5.7562482923376805
101.80439972864193,65.53134930154134,5.920380381305479
111.51054828011354,52.635994974345,6.122806814929943
109.30137931252511,60.51880793627542,6.193459786384144
115.29310582183183,50.996093263740995,6.263672073857597
105.33315820388678,52.35735491465062,5.796097285593442
96.87026190251925,61.90769828604788,5.577581909303591
111.11787489335188,53.98147262129181,6.064806494261319
112.25884116680554,67.02622544784674,6.372681533427915
107.4706527416679,70.68394907411798,6.3632353645441215
112.50321231890946,74.0176009732725,6.602352246044462
105.85109431274537,56.0045073273443,5.589350527154
106.54558790516785,55.024477467772094,5.960631082740971
104.2609844406052,53.13703521003201,5.773958623499752
94.61005904185828,69.0929074863091,5.637439930965214
96.58939424783931,71.19427179460703,5.73155633173602
94.75430045648162,50.94758434476926,5.395306479435659
109.27384987033074,78.0863673873107,6.573803238123383
101.54454354583184,51.55913850954417,5.523399462970954
106.20569658795287,66.23889005903212,6.144739376350976
115.78159537422623,71.27181558352748,6.538442430056602
99.983013499573,76.12907371238256,5.883855265249544
103.84919015285512,71.42260796397284,6.0389939936989405
112.13322732503318,74.05184249209375,6.613271426706644
99.49115597179895,60.18350577628418,5.776084638794245
95.84751783589103,74.44475341239537,5.853341912872732
100.95403486993044,52.40344539154025,5.663510055662474
97.8693108940961,76.84449968181583,5.992626812582137
116.31274365622176,66.42777128461209,6.498480730699925
113.394889109546,74.51893309887481,6.63634092637446
109.20169015625017,63.569548535549,6.265507980265006
114.91505416450522,69.30733085589574,6.632753187502007
113.28812984557875,65.7920798280834,6.532698776760176
98.47768141326486,71.94768565265996,5.941279761370224
115.42141596375947,52.44889946091769,6.278086528341689
106.94421380597562,51.81056251971691,5.955715895494884
113.3785637239375,57.41309702030439,6.247645182058369
115.50619119816383,54.78634040339565,6.205317946862514
101.63208339932473,76.15350699776604,6.080207196530557
96.64124618866424,56.57641962074133,5.405894206424072
99.4704439010066,79.27595767457393,5.994171301539337
104.25058692703016,60.10687375313321,5.87896201970747
113.63235438213984,55.46353747066098,6.143484704509516
114.65753399815225,73.69095521427437,6.602611981238434
94.16685113274858,69.76123326502628,5.443371499578833
106.25793526186158,64.94587149359417,6.101853887392948
104.0178640755707,66.66090652812893,6.014142561499483
99.33058745129753,71.57605334816792,5.819688639164928
96.8767688160084,56.853642239938964,5.562452008362397
102.10276411368707,79.89001748170226,6.286181748512619
116.62983289390046,79.2437948644035,6.672462391076693
101.75687036849813,69.50977059040811,5.892982100533956
106.45097492184078,55.98627352787435,5.833105107061592
110.87245501348427,70.40684727293873,6.30340711095468
102.72711045710305,52.165952269375275,5.748986500150318
117.32276998530305,50.91957506617418,6.27853353678484
117.09873507861067,57.730486655336406,6.397601327513147
100.04277509980874,63.87868870217949,5.579112417094308
105.93396414141725,76.04817516225141,6.351533692629727
101.22107943560248,71.81507209298924,5.867324176976549
100.83617186505923,72.28119563599944,5.989244909674286
94.88528673650879,62.764800033442256,5.5528715976075596
108.62954401551752,60.378049776408886,6.231956335810331
106.06429655749267,61.13116288953808,5.864634562966021
95.23549002999974,79.62948691208173,5.576235574009541
100.68751514167867,51.20327574237447,5.573388650698399
115.79838126319969,76.01094488367346,6.9111971726685395
99.74948537600734,67.3602622571718,5.95982672235771
97.47747693018935,63.158462575687714,5.670621654899738
105.74686624666151,71.7577298124541,6.144599958785645
117.65561089865442,64.60006824274109,6.667216114958001
99.80932651627602,76.20269714244982,5.91811901611097
110.13125313774108,77.02105592033776,6.543963286540726
112.27887076788923,62.65162780620366,6.3561287565957505
99.70330105581759,58.304833917051546,5.7587662166027105
111.47719236668463,67.77050985780087,6.647849857547933
102.82679518526209,77.37090036850073,6.2138653874246845
109.17533993424591,56.319865670169996,5.988391247873715
109.20471305826148,68.68899750690449,6.285434606540656
106.8585924177942,68.94680660277561,6.010665200367339
96.1669544813058,71.99339067245843,5.697909451999023
114.04725989414172,53.9470305538178,6.1701390625014225
101.69872155932165,71.47474894046266,5.953528609185268
98.4764442495965,77.27097561996924,5.9920949908346
94.97860339731433,55.390493266107256,5.2996050249630695
108.1814306365178,57.12629974771633,6.122793440330075
110.26154468421478,79.14185282124919,6.544627273706468
94.39810789426855,55.429308581284694,5.355570994753918
106.29023339918274,75.63155280108737,6.2629020873336785
99.4358986047505,64.76833569344105,5.785501219468492
109.4841469698268,57.41693223209531,6.157635084750876
98.18479429611979,76.12249703817534,5.854052662517807
110.58250571445919,63.359157650079965,6.1775842612447365
103.2816483112129,65.4445206178907,5.9261919834847285
116.48151972968162,60.77700108199297,6.322621317128211
97.30050265950383,67.78852554304783,5.652367344566479
102.18559242520621,54.90571617755069,5.6488438953308275
96.72336450977414,61.73244609955282,5.674639243002165
116.1926468386855,79.08236967005863,6.836572634042212
115.05614448114355,57.74400298103383,6.3517655524088905
100.19059906516374,69.70209993623877,5.9877087528739406
109.83961710482029,59.75570192674085,6.12415962941179
113.61333280482918,73.20419377059802,6.615730336622163
107.3248194783871,53.92620982155049,5.8978188976651795
106.71161388054415,79.09463135235634,6.410451486611576
99.80445498161085,63.61368624150918,5.705198333241514
96.23446642734159,57.081513900393915,5.228299551410607
115.53317819087984,52.20490241990038,6.229663150768969
115.61003337191994,55.09273715262622,6.446581058398916
109.19443497455843,65.59321845668053,6.318235483212899
102.13671498516882,60.11009529293859,5.894893828650486
102.38102979070386,74.86650097647828,6.228089432291861
111.42293629288574,62.92662570985418,6.281430406473085
115.53064623886185,57.461428177628896,6.36783921504192
115.29007418236282,68.5143495981209,6.496575140625309
112.71701310058297,71.20331650656337,6.464724634054797
109.40875950770291,55.011257237028495,6.085196437564314
96.01935915988118,55.02857648864953,5.541831135684525
97.87908913827073,51.10014280800629,5.412617239814208
115.5653005246499,72.09206045196922,6.597260806163488
108.55429743183015,69.91413582865415,6.283278896891099
94.22072923879911,64.23892627249441,5.58483201608876
96.43531702878477,75.32511346907592,5.701706054063478
109.92404245859333,74.1701045885016,6.200365907093008
94.12147801230925,67.56063093190257,5.531625444242809
97.85939323401996,76.04813841539776,5.8025642212474375
107.16961094479807,56.17523630110305,5.895323198773243
110.60548474462465,53.357588581931836,6.029620553264999
109.64707022806242,58.092488345509686,6.050643086270702
99.38246342705344,51.712605682679445,5.651709721318069
111.09230131234087,65.93508584003096,6.3505297523161905
99.6939780999232,78.09817076884885,6.078239865834604
101.80959275582242,51.180306220055286,5.667258512817455
111.91579372283257,53.66329742030081,5.995593354155405
109.59118957713315,63.565970848503056,6.306834126683079
114.38136185186028,78.01625052583715,6.69990986519691
109.78270941520825,59.48468314930251,6.196963648394543
107.63940648005132,65.21704426065178,6.040928453511329
96.24819442787422,51.24718577151177,5.200736588082969
102.8251792734264,54.45029602886267,5.797927953683945
100.36485682436141,79.5989036887654,6.146037583481323
99.85575144109801,78.95356089308137,5.982374877275286
117.35225331405869,50.148199428032285,6.196849079565816
103.43434539200226,78.55435356269717,6.338176092335522
115.40911732425072,69.17359813446501,6.457941052993849
109.14732702393431,76.03754883560066,6.596647988114653
113.07547128499957,63.64219566901578,6.271178047740509
106.06329023452462,65.46788085737751,6.146044870261996
107.84569323103261,64.6653974077076,6.113502295975721
105.82042465165273,70.00592772638313,6.2223564069602695
98.68583170715307,54.18953764268939,5.470241779464256
111.33885076627612,50.89920769618034,6.011953147798802
100.73853669858053,59.23789824773573,5.72208403393041
94.58358319435489,71.1404228820994,5.57885095580981
109.49133510177202,56.05560356368845,6.122304585395523
98.25065630576917,70.20297299974752,5.774017637107405
116.57100602446994,79.09736138321811,6.804782507231508
116.8942858480621,52.81702147368255,6.217148355175594
115.95674536529077,70.17806354675379,6.36538144649363
102.88380880613067,63.312506579137136,5.876918751598606
94.37095879669282,76.04426763132517,6.008840040638972
116.27964550210541,55.314493683421574,6.417334350052977
104.27641955961555,70.77877856678494,6.106088413544959
117.19971565704807,75.1434586894433,6.750567295435203
117.12687945014207,78.3384265842207,6.839724696222012
114.47222693121664,70.49744084868938,6.615910940396058
101.06677340967006,64.91524292025282,5.728228380309325
103.24234548644621,68.53541720603641,6.128046060477695
114.42728011640457,76.06714953436155,6.742108727469561
101.60612812375066,67.11829239916489,5.986460186122871
98.06782592046622,50.911611790905106,5.475131976120054
107.3632302990004,77.92846086520933,6.391876246528604
116.46771457985875,70.68580253094683,6.722049330309263
110.70471512019935,70.29540157331739,6.446801625249456
107.68146808214476,56.47025457193151,5.939667084041042
96.33223585049845,69.76656410697971,5.672921718122335
108.76017344078008,61.81593216962476,6.140712077753798
117.76129240250232,69.53698931124477,6.844899959487018
97.36201636567658,53.19779090923972,5.321335847074851
106.43991165672968,69.73535913809108,6.037750680739413
115.05695372627093,79.98241177311999,6.7936872372682435
111.7784468261009,51.44636116581668,6.064046100676476
110.72837778388643,79.31522552663952,6.58641567724472
110.85961801569061,62.20723882168612,6.257222906930649
102.62778762927412,76.12260351011777,6.11838228805621
101.04620426234784,73.4715645217482,6.165496826100825
113.42466773148433,67.01048782960004,6.284229406661144
113.44272147230033,72.1534762775398,6.465142289326287
114.80973564592249,76.35546683904043,6.683221964832416
115.91777326135531,62.12420964953099,6.294465108636192
106.27221757266251,59.81099484689716,5.960884247264549
106.03639107249279,70.02780156690754,6.338340646173128
113.1590842952026,74.23537825823776,6.578955007278468
109.59913433866636,72.86855404329847,6.412402216677823
110.84720505418488,73.93440946575903,6.340795940236242
113.09902406646643,63.06749944438799,6.2891699310748015
115.3601282036216,74.53502648525065,6.644386660835591
102.11188376443685,53.60627166111826,5.6353886929464
103.01399086335866,66.33467293882549,6.090487427128026
96.25556655618085,50.172759814943646,5.390724797399524
107.87872338390818,59.73757489700811,5.938148254522327
94.86261457112181,60.99384604614194,5.51334505446652
105.17435243517905,61.88518074827766,6.020371649398289
107.02347123298183,70.86401620069586,6.347351433350226
100.87699005107882,61.65674303811037,5.930653481717592
108.17999825365627,63.46080867867592,6.035806675805263
94.73200599853719,57.12632392622982,5.324380997337736
94.89635652998115,61.1975537488802,5.368529332935294
113.7424134558318,56.81808881789455,6.231368395959624
102.64457539387031,52.19587771305331,5.709559284429863
97.04945230364524,68.10345780144134,5.828027961351772
106.53383824131531,70.04638395665049,6.187355297627946
112.47984527436665,68.58471038028844,6.401302492626784
99.17970465992424,63.90482131401717,5.756358935201808
108.949371419656,61.3935734053769,6.047078891829056
96.04833915985043,75.90000948715476,6.0491293241058415
95.24036130804659,65.57245355408654,5.436499227232021
106.75251115763555,64.37545632889193,6.109846186561011
106.97524291864255,50.76926197419307,6.03163179274574
109.29831763595696,60.23743482878469,6.123852974649757
111.42619200934388,61.40586856357571,6.223292108191839
117.42044990710083,61.964683426907015,6.487469372076635
106.39120835922868,67.40517107681997,6.11766862952545
101.7509553505899,66.00807640180635,6.036239366280325
113.08446867444889,68.23715278380334,6.232357954893316
100.49997403028978,72.94649784626385,6.134772158417949
104.53531409693527,74.3895721614828,6.049484862346728
95.88295315221438,71.54369228679484,5.7189415046621015
94.60841784197098,78.66571087864804,5.787768578431788
117.1035619522702,50.54697748029085,6.339455164435048
114.06352289229294,55.87333957050638,6.090512886374936
110.70338094624876,50.22688624934426,6.032407134176274
103.81487066594248,69.4242414246381,6.262584970788859
98.1590636817003,76.94091646849961,5.819658794587224
97.75448902410606,57.30446889728898,5.5640120007915925
100.00582955595029,77.8110363438892,5.990284839115886
107.18143995294689,51.80802170868682,5.90191395267565
111.1503021448015,78.03308080416542,6.564339990340951
109.84473704122556,60.548680617189035,6.0898380882945
100.71841352670263,53.0426248534765,5.641968334258256
116.91676673591667,64.57615277558978,6.73321236960672
111.70952600069845,57.703297031615236,6.161904231491005
107.30449726027362,58.54618705885768,6.071601912104285
108.68129790962445,59.218698947788596,5.945705089101755
104.07040149826696,74.0907769349799,6.06933996843981
99.94554374802777,66.17483830025763,5.868286862454441
102.54334428763028,59.339230974680106,5.949646715290561
112.18830665114486,68.31001349932755,6.450235404166636
94.34544372711414,71.4845202266958,5.643929569201738
96.785743372166,58.17872002200601,5.518861992729925
95.10406340852207,62.40647304576055,5.402771540901732
94.97749125565528,53.656582800108424,5.407570295142193
114.53105401626416,55.43448048604041,6.350820346685036
110.88778862512056,70.43353561894949,6.353412167226107
105.38017189809581,55.44315043086881,5.803966529255738
96.34801985562403,65.7549015100118,5.677346746668522
105.79878100280398,71.27138785167298,6.14270092855558
105.36332249873358,53.206307692842316,5.798862404837275
98.15684487784037,67.01936658886711,5.96741753019681
104.41243958171135,57.69688351104091,5.827794881323229
103.56411362553696,78.8878062571274,6.202307223089588
108.7804023532532,64.50636940159774,6.120491313364833
109.24224762082345,74.17977649325474,6.473915869952143
95.08729623452906,66.50679626468785,5.590941838525755
102.99070275103531,51.302375985644574,5.595691839677338
109.02063797714167,68.99454126782067,6.41794993755509
106.07527020592211,78.54210026619971,6.486189465041853
114.55575618851974,68.04835460438994,6.455933763997317
109.80864715885468,74.57566578280371,6.246248442668473
97.91042624995431,76.52619390045223,6.0372444282406805
95.69364993761032,56.84239315846797,5.374599127785824
109.41806267695158,56.3613451972468,6.130102284324034
94.63627145299893,68.32942966552974,5.428210426924363
108.05861395056311,62.33085409420114,6.198514443489294
116.56552579419898,75.19583908600161,6.628248249530908
107.8113802690211,77.00069370194034,6.464602398051408
103.31607822895653,60.60264137908155,5.8627036546683176
109.43891724261647,57.10611676923446,5.971479669362766
104.9980693717964,73.41576545731586,6.1525247995844765
107.09480294358244,58.244181066444085,6.052781599485762
116.59515541063661,74.67842955541035,6.750940029898378
103.26646330721859,62.71214760946289,5.959675099061342
117.06857353177395,70.02649697874412,6.866259806956259
115.72841540694553,52.86605941504005,6.108675720442244
98.69898723494312,68.7157797402972,5.977491277875246
95.66467122100397,63.55303036211687,5.5864064059398375
96.41867203305824,67.59825389526422,5.600926914560592
94.4373238156372,55.0404262323459,5.217456733776693
96.26663105814228,72.10621234832547,5.755210605505209
110.39216256199256,75.88391232629685,6.577490573008047
95.7085275630455,56.50219400272327,5.424172708353759
101.65541512705028,52.871436665604854,5.783037907054094
114.27700746326691,50.709157581390095,6.011530918469657
94.55852645765982,69.25914501329798,5.639107696076046
113.54724358213446,68.21282108266342,6.348643038408007
100.7645145945616,66.4009223814221,5.898784792646211
96.83595586291975,56.95841288347926,5.585475010510703
110.72169196873962,61.72717987716544,6.174943556768486
109.09462832271721,67.8342900555852,6.005522689971265
115.05932832464927,64.90300576577508,6.495624704604368
111.64170505129326,79.63356560644662,6.66022189461048
113.28354232923637,54.093192576701995,6.220052731845846
100.76882974171136,70.85433662142782,6.075262289987783
98.25854905071334,62.12956304312876,5.557120600179771
112.01475403938059,62.84598844776844,6.36560531127254
113.36403374241434,71.52793296974528,6.651190929051348
117.77212340801616,70.77308453973109,6.537348485754697
103.90282424587423,79.73767981106565,6.302345869877551
102.9284340590268,53.85182868362376,5.658398123227914
112.63391105780792,53.12328948152499,6.122839519921692
102.17928496607243,71.73016451386223,6.067438762104337
116.33817581448555,67.35160751019228,6.53352720544434
114.60190604423228,58.224819996794174,6.254011364010174
104.29585665700044,52.3825810696696,5.744380412707215
112.02090562699594,52.56974748789292,5.983611109086395
112.10902897803237,76.82572623992354,6.4728383159214085
96.47497285206238,55.756019741562284,5.524431501469703
115.66126976030961,59.701146863465624,6.283900672967379
106.12605693874858,56.79969206680964,5.9782976536708
113.8349791865858,60.64988917495812,6.381830976180917
101.68119042473468,52.0827152823828,5.444727201881657
115.49255748390881,65.5717937272481,6.440844496087293
103.34084028961992,52.02837690776645,5.810316291492963
94.26010363552716,74.01069523467085,5.623802015178171
115.72916743406233,57.01136245731299,6.301599357448126
96.19088024286721,66.20035743813531,5.69880284901692
101.66352730216995,76.40237262684374,6.181245232062782
116.80148720921932,69.52632107141582,6.621439457238735
116.81457152650134,65.98873359654006,6.516679371154197
107.76250931495886,59.73001259346127,6.186150157212225
109.16409309207518,59.990057391745935,6.286075303358059
104.76269252747967,70.0846086559457,6.213899141933679
101.03705852075355,79.82418083663502,6.151683064423112
101.88794908887799,69.85517569548136,5.901234650745043
110.14044294584892,66.73350252110075,6.2079455423295595
112.05698870650431,71.91951530717739,6.5332062084628175
112.99789704942037,63.95616836851154,6.405868556683017
112.9508354270693,51.80427027802356,6.2590328590732325
96.18894647316857,66.86890447633729,5.730925690072946
105.86608731286195,78.7287585351614,6.1882410696060335
95.38141024039946,55.25908827072979,5.502539988004862
107.18869317576966,70.70014672461997,6.137688064670592
104.59673203296104,56.028010659771695,5.789016027483445
115.3049003861992,66.07483053419244,6.535237148687982
102.4219603012499,52.90029348940159,5.866560832322673
96.80960839426254,63.511128087745554,5.937646795097261
97.43180036926806,72.68489986685738,5.898801319867829
112.27625516121932,60.42714572716946,6.242654734926219
108.83723351959027,69.94735173461655,6.350073107921948
96.42694422694697,73.86349882369188,5.905248009273834
96.01856334675993,77.81533458438358,5.845075279736149
110.82325915501889,57.039262455663604,6.307353046680354
95.74631215274064,61.97947747427924,5.571180672278054
113.72464142296855,54.57248039991252,6.258832780940974
110.94981345175592,79.77450506475125,6.654824131829487
95.9523707354056,77.81002903772887,5.916215924909274
96.0361051380446,66.19871390841679,5.729493059427305
117.67934988402821,75.26099883129264,6.73906540275243
102.98249909814689,65.62873931816127,5.890957070385231
102.89541152960538,68.70757064008279,5.894429508336729
113.50718961418006,52.6737329634805,6.205248314969735
116.73396585721261,72.65811261490424,6.784084366223865
117.6640255317489,53.831404509057045,6.41728652572503
112.0810764462146,74.78202890757585,6.706738261565927
103.03023005274198,73.46084263011159,6.105017603092716
96.00401720076805,71.26234093228929,5.8123017582396
112.65152598225848,51.08481141574286,5.981844809902556
107.40170199365932,59.09385067835986,5.976243633034426
104.18132822192743,57.893377097325285,5.9155810876898185
115.75250524227366,60.80409222414557,6.5098547914595395
96.66873957534763,52.62928240291516,5.373282234182528
105.82300250298061,78.10873469093188,6.317049881266959
94.27248747441806,66.61406722137129,5.422755906108157
105.24785540785903,59.165729319740706,5.88376515966781
95.3512786163641,61.9094455122285,5.618034764332934
96.85162999043372,63.41607621514507,5.684165375483075
96.82062992265051,68.01783000081852,5.767351518673764
109.58104725078553,65.47038283089493,6.245532151621344
111.90507710237016,77.58175919643253,6.588069969398125
108.00085036233183,64.90890448717491,6.0921842421010854
117.092141163389,79.76474044469938,6.934324003266746
102.9968939085689,75.54274873235288,6.187812494971596
100.85709007076466,56.255315430720074,5.712877246598091
114.84637907654704,77.91785643931749,6.673840702964208
99.36630012446686,53.490991936564285,5.32596905234517
117.11734094657467,74.52349125473575,6.870465438865945
94.2917073925556,61.41869880429741,5.42361706315011
117.27709184098333,76.33922961335209,6.717976148706979
95.03583788681382,76.04170070322351,5.866794610162492
115.3874347287537,74.17776200352864,6.636788538872577
106.6648266180712,73.70091308921184,6.379929098002103
117.8311551068632,59.14037417294122,6.546910058225339
95.77111755364957,52.42757849153757,5.426608792065029
107.2925028256317,62.08940536295484,5.933355163292469
117.26326085485837,55.20573544959526,6.502155845999172
106.55434826008357,70.84853266707385,6.238041378168623
109.1055673152463,60.38299179613357,6.080482651184134
110.69796853563082,79.26830602579744,6.581113551353561
104.90898555442655,69.22916232035996,5.927864073066562
109.06139392201752,74.67441690903082,6.442116345819471
108.02354348615441,53.97574018225545,5.8376371097038495
115.62779225178373,75.86043446817868,6.585192312109488
95.09071312819499,77.68271571540183,5.6805004864550215
100.74311655021353,64.61185756456808,5.936946233549963
116.8098756178374,68.18758813252933,6.557269826083991
115.36633081338199,72.94429402708987,6.803743538135637
104.93576206685711,55.245158817812374,5.773432323059588
108.88318234723688,65.07698229390327,6.030547055744431
100.65714839154718,61.959890833169396,5.657117050288146
98.51490783337027,54.39121976486747,5.644576409799704
105.12876171855957,61.02603266874594,5.935725112916433
102.48045347262527,52.04516928156481,5.597695062250373
108.00774668442094,50.77435720848461,5.891837567553914
95.86563128715963,54.05498867464468,5.4452314550318315
117.385475383988,78.89345334767522,6.97195534082321
117.66905786751047,66.4858860768505,6.769675248564274
110.75588113647387,78.9746648345966,6.527531083254347
106.8663127922589,62.974936349903956,5.935878034041526
101.42866279087187,59.35448399255779,5.710032989328062
113.53108047296676,65.18425588520732,6.43861178964594
110.4335481412931,63.1853506589873,6.136840786916875
97.9028065442774,53.16994052785232,5.373310013560025
115.86225242785221,69.22478944070619,6.632675936222461
113.74089383015605,56.48114547528799,6.243097896705737
116.79519791900617,68.58763864693489,6.630816378835133
111.41726820132064,69.5060327719446,6.328048191028314
108.72196470245896,54.560745593859444,5.960663252067265
104.03783287097485,51.84048881332004,5.626088941033438
116.38548360049631,73.4228475820532,6.794823554775877
114.7855333480098,63.7940127130796,6.544754188394409
95.08524808254855,51.74491386516427,5.129115654794161
94.63280738793405,79.84598951509301,5.762445036739652
103.03512080507319,51.733416829891,5.521595847317106
113.45327993876398,70.85105686575659,6.4574163411188215
117.69462710355867,79.5103677579024,6.878121777839152
97.61000538648467,57.17540312647777,5.390993782951512
108.25913716845125,54.267481060615886,5.864824812480093
103.14138055914452,53.641548182672864,5.613797351606811
117.27794554755047,59.09825442702787,6.480199371120222
114.21085415525701,53.0313743303194,6.207050357296579
114.11988891306731,70.76484025082397,6.4785180507707825
105.24863583507928,51.86875394390188,5.791245778670545
103.95566805610396,65.2826638444937,5.928990330955825
100.56176972633695,79.9009056155893,6.096132238964343
95.35301191962225,74.41910808518057,5.946612907116467
114.75333703012127,68.45658314693033,6.667077934473099
113.50962421912186,59.18760862359835,6.161727138639691
117.99322415886714,68.71687508874916,6.767005830711922
117.91928408977373,65.81124391734954,6.703732317835968
107.33036093446306,62.78250151671114,5.970689943509798
112.45569796433224,53.921311302205986,6.220810398814557
116.67437751717827,76.598126457214,6.936102709258557
114.39153737625787,63.493539464639674,6.305235490599956
99.93635444183674,55.83867535462295,5.5221591748736865
104.81305924744224,61.03278052631869,6.039009423345624
97.09982596363588,62.42389257586781,5.645119550963536
116.89722465420934,74.82613686700623,6.812045474303497
108.54819122682112,72.00843141684206,6.3588961551838405
99.4874273320831,73.0791468092402,5.977586758221358
110.12081642574056,50.33093793285941,5.829408284984404
108.8350777709895,62.48461994539284,6.252002669264529
102.59590523278817,64.44032454905971,6.022581225699439
96.72538221279109,50.5757683046917,5.341218491262631
110.11775669422718,57.79439626235103,6.106839281505857
106.48738482169104,72.80869469366405,6.094995460593805
112.53564140165534,54.113291171869975,6.197795162113674
106.48392402668784,66.05930394357775,6.170168404243922
114.45235600764497,56.45605616051712,6.273258041854434
107.24576413058765,50.3636232393168,5.94576718664983
107.46251131684927,57.23604372798624,5.9471261607199475
115.03968646380028,79.2762126473016,6.818770736406405
103.68358878909753,74.04611335648968,6.044717328769971
97.21636548281538,78.787299329631,5.948127218231888
94.69078423152014,64.63562131779088,5.53636229098394
112.12329413616686,53.2920859603251,6.133920747538105
108.88742923248316,66.43878466921079,6.191757315962622
110.89791443438136,63.631320036798826,6.249885290715971
99.11113987621385,75.33071248218847,6.049220261217544
97.27291541408248,52.942477423527336,5.392454318380436
94.34907197602917,64.64723411065334,5.377995211060512
102.41410141135833,54.50145994081953,5.873622152748057
108.1580244845112,59.7402778067018,6.2000620658060885
103.41385708239358,72.12071232163399,5.966811545629829
104.4993981285695,64.280543881063,6.057054573931406
115.69980866784996,61.27664855437308,6.381726884085575
102.3581312085592,61.83428835710106,5.869150393060291
106.33574773983545,63.7834030521796,6.090199122237536
112.80767230578743,73.5504963151117,6.523914400031036
103.51702677571049,76.76254066820704,6.115140451712473
108.93008080546896,78.66004059511785,6.406000342916834
114.69672900992188,73.60710158765886,6.541875645651537
116.78849496778341,59.46220687244038,6.361544190176017
97.5297635422969,70.64404118259627,5.79500235405035
116.23810300387586,63.128093721661756,6.421700510696573
105.81079103390891,57.640118661381536,5.982493176324794
100.197865319175,75.22614738277768,6.162151502552021
105.01925814971827,51.15279046886975,5.690917101977713
117.52078180685145,77.0528597640627,6.853432826643107
105.82283425582887,63.84432393874202,6.088882531317433
101.8900386469002,69.11604430424842,6.0145728522874045
109.20162050360142,69.78061766617348,6.317280802777143
99.76349485067664,76.85353222119609,6.100696154540343
95.82071987460793,69.10009046501622,5.742159098925747
97.09311332585558,68.41800754280186,5.6137840082868085
97.07310013498653,51.9995612168207,5.495196336849735
97.64566464429507,65.55224065835613,5.793828805887075
97.33185214358585,54.50507002451125,5.39370613653373
109.38099387527716,72.12301306164457,6.3683987691651245
98.36512202557948,65.36665762438024,5.802096542919788
102.29601479977272,70.4068333762506,5.990525951556847
115.52292183774429,51.25018701807153,6.330833027836524
105.37507936630894,52.54376048137409,6.02914103057332
110.02138572450465,71.48970164188047,6.30215778717682
98.13567690883912,52.1625300799602,5.3212516021815865
98.6149364514081,52.13770183295776,5.510808036533008
94.98084679039549,50.36325425704662,5.3535594412213445
98.05444151373194,78.6950419489844,5.963264069713148
100.68616813676701,72.12525078377021,6.118708648162023
98.24825162264193,60.597542255061924,5.4992615881478
96.12886081016933,58.89606743862966,5.573011947533375
96.89526090641442,60.49109689237549,5.509522596560269
105.05869043278543,73.23960593543546,6.364370978804783
98.95200924173902,69.84111833211243,6.0489143178373155
102.74247666515382,55.55586703602404,5.657863131874068
106.08201450051656,55.22328006002253,5.823200540132838
110.56947588710477,52.95186949140192,6.1206225934457335
94.94349135618637,69.80908159104014,5.629925677870238
113.18584957381702,72.93117986665209,6.547445706361584
109.06960934778178,57.95139284975012,6.069699119699424
95.96221676677293,50.628348830927386,5.138899415503563
114.96588697856265,52.46515002429282,6.221384139911753
116.10093761276352,79.03580104535092,6.73628543607496
95.46587103651673,58.86334332432261,5.423918780889727
100.64506355553289,73.076694435144,6.134924949048742
113.34883071503347,68.73990706562792,6.349844834061138
111.95823256920781,61.458189189586875,6.348604768080887
98.42850446455306,56.17061786586665,5.52479876518904
99.02438376008105,53.64159254478219,5.5009531032497065
102.89133046699317,68.450389041166,6.078154841443184
105.62855164458452,73.23901341913364,6.252070221845865
108.8381145167271,69.31712760623392,6.341119005099351
102.85392734967454,65.90906399747475,6.043426476738135
105.10083318719555,51.25853670294909,5.721577389164449
111.93930251521016,79.05466332783152,6.557138206290312
94.88039686937435,73.96142574963724,5.64033132145881
100.05848666425649,58.784661101028945,5.595784068914225
111.12039006122926,79.39910988076552,6.8833091929015
115.48496410449278,68.05644768908967,6.6824202965576465
106.28025861077599,67.4726797462174,5.996957795788465
106.77072364636757,72.44219538288596,6.121280676069903
96.57212827215463,74.35309364270412,5.880994251272889
104.73789680376291,69.69435821994509,6.161819000306029
106.78281439492056,53.842872390986,5.936972479122882
99.8192920872335,60.14802517983495,5.669333068166836
100.46183754278515,77.8425092097815,6.065087447620671
103.05481991451094,56.73846835531556,5.805024215675239
94.48170874666543,61.1650107151254,5.483566408531785
101.72989997399628,62.96230648832588,5.615161591321597
99.07475216791707,63.18214969083357,5.69902687831542
101.85993645226995,68.38818747483576,5.8663202464228315
96.87429116366204,78.29227513234123,5.942709746902468
115.37265473775747,57.220781354975145,6.634710990558929
108.24621888529717,53.64504128902754,5.980728842166353
110.29845565946775,55.92411469579812,6.050559829974771
112.94010972657611,76.60774700627809,6.706640028019212
105.96261277429737,69.37432437965617,6.204072851157426
96.08608691409817,58.57720367717481,5.537427433723098
106.89055700364514,74.47840816905853,6.3603282878667695
108.0841868325011,75.84109989090308,6.586264761763566
111.89054738042393,75.39543016070834,6.4298943918006515
104.3598291095123,77.56779600918664,6.2949114377929325
97.06192726709352,57.56723060520085,5.426493226125071
100.81062173916939,72.65125786238835,6.045054400144615
102.71397511356724,63.8161849182242,5.8065839273264
109.50201379195843,75.25995658670185,6.391053071011658
107.69867931205388,71.8547203148484,6.254025983915601
102.54632142154831,73.29342339499173,6.1780346038039795
117.67636597103152,69.68485513043214,6.780979015699303
108.53859566456529,55.3228630840912,5.866122328942623
99.69344300166387,66.35080756690814,5.818714497513021
96.4427793428897,79.54009218573525,5.859768928669824
97.66861934042397,78.12164199491357,5.831670219149816
99.9029854812282,51.29521207391035,5.499836883091039
97.85635295822934,54.944444471883116,5.4715764937124
98.47760857723134,53.951863203636854,5.753201298682699
100.84228404865233,71.77939729955887,6.016786710716603
98.16096628707412,74.53355989570835,5.770152930757078
115.52237019103421,56.40534098932016,6.270136077965848
95.92560989587942,65.17558078855487,5.722302390628611
106.58827334968612,75.221090840336,6.509738394829587
103.84952384775187,71.98404634298751,5.9543111687847885
117.57708680580654,66.26711616475545,6.428318791042498
96.68893365203326,67.71043071376319,5.892307146153938
103.5485343770978,65.2508164074884,6.003661792856259
117.26729039860885,58.92645353956462,6.368727865541054
114.77217102145553,66.95065978577048,6.557223800293152
113.60972970278272,70.66655906150272,6.262194243953589
100.18966784907856,76.19968747582423,6.032866353384736
98.10130209736158,69.08874061937745,5.829115524053129
110.04743727818635,72.83364611129474,6.501234613698063
116.30502373906205,54.80214904863719,6.228379454001282
107.36230943233431,63.8467242325937,6.116807125247254
107.7187045472776,50.2799485948128,5.760398213917789
100.71949824784681,57.40036593564869,5.705923115433512
112.46783039660649,71.79385145339015,6.407394764678791
98.48904996538056,79.7542985404809,5.986283135335721
101.76830167370184,52.97534298761648,5.539498895589889
104.210474526794,62.04482947583865,5.995481567404869
106.18264908842693,74.00212906097478,6.344106901864374
99.81783357796192,56.12106903886696,5.590761834789884
96.75608379374088,66.65254847906859,5.690898539795714
108.65488101859918,71.99213888089025,6.184453281991415
100.92713327776613,68.47956350780537,5.881344602854904
107.9497173141427,55.640742038462484,5.965531658201497
97.70470516658085,60.661537060572186,5.872021782810579
105.54736244451561,73.51375353456191,6.108709678117025
106.78214638123806,66.6267954239605,6.284150219510167
95.24376488373825,50.15688840628738,5.38879306524055
102.0785026766541,72.82972280084282,6.078190716915303
97.22595224653539,51.05934064820717,5.572216712477749
95.52099929134643,72.37201348193696,5.783095785010015
117.75904557735868,56.074416804957124,6.459561306647076
101.73649227939335,78.74220440358141,6.147674175342574
113.43698670051124,61.03822253906253,6.447785740546119
100.11137571433034,59.80794849014237,5.810817800328801
110.3560653333743,54.46664150997334,5.992788041451689
112.24546863735247,59.16812646470645,6.102483898515113
108.29532977458827,76.29952285484602,6.378982233213827
105.3178285252038,79.89003012881741,6.257099029770754
103.88418193953444,61.04928591520545,5.889421448121623
102.37283839703188,63.458318928636274,5.999687919907574
116.30869946194782,71.66212814608211,6.621403873200616
113.9348657869055,76.58587341395224,6.654504090558635
117.16064585599631,67.79133002560353,6.633857937512744
96.98313336365307,61.74577094533488,5.683999508491614
111.54081940488746,62.378655225458715,6.04222104433065
116.52017096370491,70.8685443949042,6.600108551788275
98.34959358797585,50.09654790812836,5.448791038849427
95.59591041680267,68.58768012379522,5.793577466874711
111.78689558296142,60.66479031324072,6.1945158627474575
107.78735471631788,73.82591993831252,6.139294090396367
114.20389064219853,52.789719194693966,6.256940607389426
97.35453703903094,67.64606800845172,5.6703392880428645
113.08641548463737,64.42918669658371,6.2585057648313205
98.83905568114587,69.26976577715682,5.770718282223378
97.92774262877691,51.94560783448905,5.427208039219157
97.94237915034383,67.39951362284394,5.694922867768529
113.54979328555316,66.84453763878571,6.226074844915699
109.9647332967088,66.81980283248512,6.374515674690311
106.55357019445887,68.10462999789365,6.284490762836395
102.61193161896406,70.29403811679086,6.08856988432315
115.0528129795146,74.14966999042309,6.546601416844138
103.41868257814325,58.094621603846434,5.795583994698623
113.59838654731786,74.75148230540186,6.606304909214394
104.53923780568525,64.9476704679036,6.063098549570099
103.04666630619778,52.31174837402993,5.750169000131307
105.10431485607056,51.75652787731938,5.691407346191713
101.2330689799394,60.027149560881824,5.764230650956265
111.94262512423003,73.54690931334403,6.554084357318756
106.0652893622195,71.23042804222747,6.343128814359104
99.57310468352361,73.65844894017219,6.0244093435444785
115.58978975858965,65.51807169324829,6.590807641739052
103.21338931295708,63.205969938664715,5.917104580649299
107.04526866673572,54.42357580118852,6.046554520547228
115.75533066314912,59.84578260827935,6.446881811603247
108.98171190193581,63.020580985216256,6.0784798642740805
96.80555297700074,52.65801289038852,5.549747138785324
116.55597096672341,56.61835858133634,6.447176192383182
109.06499327371402,67.94675882191217,6.222555471642526
102.03773475177007,72.0698934271757,5.985146635633242
97.34252974392129,79.95042534178849,6.009079899826304
113.05660454248711,77.99339994030673,6.693733682744813
108.88174614228433,69.27695598605575,6.304946922687031
106.80306620743171,62.637441598822164,6.090017678655158
115.45342199322297,69.08532094124698,6.747106145977611
112.92633306938873,73.56954854240696,6.66023027419412
97.64019711358603,53.55008572770162,5.4838741437919065
101.48132962709316,62.297146690888646,5.906733825113713
99.96373935554718,75.19406856906852,5.89899725202824
111.85471102174425,61.514988557991316,6.303554472132998
94.80477843365871,67.1561681368156,5.790269027224266
107.6773524369116,67.63308082586595,6.176337886639103
112.29900845777658,55.53428759400918,6.07937773961822
115.042375282282,60.86706324956865,6.329039263834757
102.20996196918178,60.03533866225796,5.6911917581241
113.71017531212831,50.785901255961946,6.054199723352243
96.65516168692497,50.72575291674066,5.326946524387433
114.31485500162844,74.9509113102732,6.502629999360879
97.05972789596758,58.19212429918437,5.53309207469719
103.53489497344881,65.54236298716447,6.0601452509271505
113.13508877870929,58.96176720766319,6.1795387211804895
97.59801825637057,78.22037735346021,6.108246760970056
99.5020334855834,57.778902765973214,5.684248771023477
111.33406164143359,62.88970438216805,6.370884920070278
111.28087687710578,76.18190751453805,6.465494154375308
109.38754318924714,75.25800700375426,6.5130521062978675
110.6547626672104,55.583042535388316,5.981931780692703
107.0253866403423,74.07929929387132,6.38675313477648
100.04317741376687,63.74560660213678,5.794039049641597
102.29670384409407,64.48906616256066,5.9484581182339245
98.35834520323422,54.004399172478315,5.388654057032621
115.80281347200707,52.41804541271374,6.169980530266933
108.00140307438689,71.83817920921295,6.356549544357007
103.62043400232736,64.893834570659,5.8659614210954905
105.08813928745919,63.10552107845538,6.0373973187146825
116.73480015068357,71.88524685957191,6.554057163326174
97.68043367478593,72.96538696973329,5.939744676026699
108.06951596840314,54.76724503008061,5.8352207877029025
106.14132829322719,68.30675448432925,6.197724856649761
108.67490165043155,54.060622468330564,6.034146117000631
94.43464441170018,72.54125258087137,5.630706868300979
114.93097381465964,69.70865468801418,6.62426957212844
116.3708387796067,78.69843863250374,6.836700744065731
107.56319640614102,52.06874049069263,5.827834462470925
110.71961977304542,51.71164163453763,5.915760254070176
116.1399851482551,58.465612240796005,6.199349007320141
110.97372722352156,57.851170512077175,6.185806140029983
97.66093702994227,57.409363972159994,5.386449168654397
107.83092064400351,77.1876374156311,6.405678597236911
108.56116111318855,57.48638599548518,6.008635148394963
104.17913611125726,58.15849178385893,5.919145238227576
111.67466165499334,72.78194787253891,6.450794181976492
116.42480835445636,63.4921952735162,6.476015502786151
116.21364430976263,73.30131670865543,6.768827398541257
104.82014491369917,51.96098472693156,5.7896320185635055
96.71771310017813,64.62713581020154,5.6764554014303235
117.63618877509603,51.00840800549848,6.360723413970144
114.13355407470242,51.87959610366064,6.020044643114111
96.9919043488784,77.19312360033233,5.984177035704873
116.10020518281694,54.17736113352785,6.369303335298679
114.87751268949108,65.97262046825651,6.3872721675345785
106.45211337102573,62.33286807802119,6.012594415889161
108.19061045787831,60.42029978776528,6.073052737597066
103.57606489288312,76.99500037061817,6.187373249151931
95.31427933172876,50.65470190326469,5.335622604649941
102.04473379950161,69.91369058526767,6.133423510866044
113.26848276635228,78.9018330264065,6.783295057781265
94.11116855211047,66.80504550385525,5.439881575578936
102.00398012058746,78.10467386099276,6.214479581676896
103.55604864618263,51.56773637858071,5.824270248603374
106.89749447051015,62.56379957222484,6.100344094686374
116.07653479390625,57.804733728861535,6.488636782821609
102.31230386478308,71.9246289494219,6.243773297473752
102.32687684550946,79.4389127149174,6.295858666956972
111.70002995463396,57.695901873327436,6.20535024498925
104.85323058135538,69.62523804422223,6.21540898445391
99.39051575055957,55.9429289827922,5.605920571740715
104.85854838718464,66.95990763714829,6.060223134494771
97.38056848911519,63.91797460065008,5.625343650451812
98.23328767614936,79.16015988894611,6.160042479088854
105.96082654574751,68.255818180894,6.051510691582318
104.05421078810915,60.485191162604565,6.045380081184814
115.95630162563441,53.422873546638,6.3364774564603445
102.6974535787992,54.537404862048035,5.5722028908067305
107.93412040667305,56.75950789853705,6.02899050557017
109.17434291006873,57.52899984020894,5.85342277699211
94.31426695812,75.51848173523413,5.817062449503186
109.92489692840105,66.83668364847574,6.371877183046461
98.27286320487403,65.70172734123099,5.677077795478746
117.06568761926692,53.443066156076526,6.3491720355841
97.5679054660747,75.80419080048304,6.102055305358051
103.95097896944857,71.68442909625452,6.060907965124082
96.04839203388745,52.03005085700005,5.256887899959277
117.92498204430274,71.23505291689307,6.879491590577745
106.05268024794982,66.30614652027938,6.294752260616409
108.28924041568105,52.45176037240335,5.922420593338498
95.60983545732226,63.74901924585969,5.678569284037532
111.99905128958027,64.54088861390142,6.464922671862228
99.03773423429406,54.97323620489827,5.481914341387361
115.55330294657713,78.37094441000846,6.718786937259353
98.92335137156817,75.49926114441986,6.084623485924438
98.576505295928,70.07067011987326,6.005857568585076
94.87719202835427,63.86886683001822,5.603139063893742
105.32960668263998,62.35296624753526,5.898910190319298
107.5561871983028,69.52920401452863,6.429318615384142
95.57700734628045,66.36295608220716,5.575127362445567
112.61266280068025,51.86819317645657,6.071419911442598
104.87893203395267,65.37507946310996,6.061287314239031
106.58536646386192,74.19210851698519,6.435599703284968
104.57830592651747,63.77719632790874,6.066965290906683
103.61831346100783,51.55869732662805,5.735484602314105
107.43136795139723,73.588345981521,6.352507330455106
97.7257659023371,56.04091346407923,5.522829201751101
98.36627513188651,57.758625046641164,5.637468833319566
114.68285490432442,54.941190602968874,6.006596274984545
116.70677109120719,59.90645194614493,6.420272992120243
102.95942359071407,72.70254517065905,6.111357158486992
100.4978721554453,65.58157578511812,5.71893435433545
109.45598903773637,56.146438224521376,6.08708060296972
103.80962010635432,76.33490234456123,6.177683829578557
94.60927253584828,76.38745564854588,5.960713946915639
97.74766233678857,76.11735275138021,6.078293832704576
111.18333349233754,57.16388634144618,6.099947177072297
109.81417460584363,63.537180325429645,6.197297692614886
94.65030382008361,79.54968968422625,5.842862709027448
99.32733188639078,73.16037428929971,5.887771473057617
99.54579511811372,50.81502263676679,5.515363731453265
110.12542584636948,51.956137737814764,5.918938710954163
94.47305290610474,63.91794130436998,5.4165846733683605
96.49860596762977,77.27660617584681,5.950240514450303
113.19798604895655,66.16105393858143,6.480083409396854
98.285071889304,64.9343752410287,5.641084163873255
109.665906588445,53.16421099869892,6.087785559530263
99.71638674512144,69.70340314172881,5.818147693448508
96.38659342622428,74.66309481800677,5.855975124344025
99.8361325839869,61.41260022522687,5.802912372045193
111.33440636453582,73.26835552775982,6.472054140488938
114.53671523455085,78.93429961702435,6.778312269109389
113.9252767496078,56.112993773830674,6.197254364820207
103.53240471084291,65.69988893584224,5.953309332361966
110.0340432776955,58.614138742537264,6.103228779259009
98.91962308997971,73.78563257101519,5.852437855815366
101.03554552626431,67.32780097643473,5.875478151899011
115.51205964450688,69.0374725265091,6.423930304646616
94.31204616425767,73.93742478847682,5.6736751984469205
96.05220474050724,61.879114179873646,5.531443947583331
98.98927012350465,77.4527020522113,5.977953221352397
94.63677289297168,65.9908660173842,5.554322355944332
98.35445044215514,54.73864468506044,5.514546743612177
107.99299746327262,70.87697354506408,6.325168508557156
104.11418921421995,73.79784051314763,6.248547032316102
115.4241210658474,59.5028503120258,6.319165931518822
113.61864548172258,75.71537770996258,6.5068265153378535
102.20361644074902,77.184297642973,6.038644251468854
100.22616240235102,58.30713462133427,5.627599708412989
103.1126177960144,79.50564418145666,6.19498855266813
108.16707862035538,54.22134584146275,5.874945848125502
100.43352737974902,56.0604700520747,5.51110646670521
108.97957378837921,55.52674517714078,5.969003641272461
103.82587965258978,76.81969130023612,6.226701072382659
107.24913234044753,69.62877656974885,6.2782894332986725
104.4670366992476,54.563128496668185,5.736536916088673
101.06717822900602,63.20970255105047,5.770917289111937
116.76287936709176,68.45894075209407,6.530838555676279
112.32653905983426,52.5039225496815,6.101628791648694
97.36271621839487,76.47249105222016,5.825929187453092
114.84323142154992,74.10810606324605,6.707420316558787
105.69834875798833,65.15620320729914,5.880963109062047
115.4692534454582,79.01379845777511,6.740429406955874
113.19652614273556,62.53282937825299,6.374610997907334
104.20512410726161,79.52330957109493,6.298080227880921
94.53926339968282,70.03759996410881,5.924322218665952
100.44825662523871,69.04013819761825,5.9359543145448965
106.99922115186081,54.978646858873546,5.814132429327006
109.20347727582754,76.45783274913933,6.433766707686118
100.18930445039686,62.82469063761845,5.5873878796735825
97.34454577774778,54.86700217347438,5.469784628538462
114.03832568318317,50.378225599272774,6.055983562028622
117.62565233688525,66.79267050915148,6.720546792898882
106.61656437526446,65.82198866368029,6.059231142700953
98.12030286035929,71.58060867107476,5.835349210558139
100.53537583646485,76.70774159053406,5.994690960311159
94.4413762371392,52.382197539290885,5.471391016642415
115.94317135745197,71.94489471021087,6.624216328677765
96.82602598936339,55.62235832292747,5.652874040327823
107.83639541234209,75.74531159471492,6.448959201661518
100.57732529649294,74.57190541584968,6.065624419392714
107.30027206037904,66.22381264956633,6.189861810440135
109.63408932044474,71.30728395869934,6.399059428415625
113.91380328897284,59.43050339551245,6.121963957979466
98.95411052225448,64.13503696798443,5.7077473734460655
94.26389988780353,74.64910693131415,5.819373430695874
97.28525512165137,63.777955915196415,5.648505880430829
115.60044740435453,60.733947959763256,6.276180107710862
114.97336186150036,64.82637341750899,6.46508830705995
108.3379144520874,74.84747757311655,6.542566253431813
108.41240465040768,60.05624142112618,6.204372209244341
109.96088018911013,55.21284779407232,6.046296163454799
98.2089106869628,71.36042060992342,5.941754320817602
115.94588670219903,74.77934638124245,6.6765011271870005
104.05049259740976,53.019124355706,5.572267495314886
103.19532467798794,57.19622338267834,5.695267479350068
106.4540249267881,54.25915969282982,6.03190319241288
95.12718320260132,60.438242347465,5.462088782883429
97.9908008501459,63.51052936716238,5.655458227662311
111.71280679423289,72.4647901088992,6.446388288290976
95.98716803020304,69.53442754645022,5.900524771245442
108.47565062719332,68.62785702435293,6.416557310246964
99.8883786323517,60.57124839828963,5.928280029766433
103.34309473700743,75.24342659254279,6.1394032739761855
100.9286496824968,64.13861502194493,5.854123985025963
102.53614519515878,79.37314814045463,6.0499252416491585
111.25710172442189,69.0242641488721,6.5347483031882545
101.1309211749562,53.78794224693508,5.509872342684937
107.59371136712554,70.28532686226302,6.269101105142172
105.42520965277839,59.75312046295097,5.829466590870762
109.92810796870356,70.58981590058292,6.299674493929449
116.48391374379419,52.089234444872176,6.199834564263212
111.58173033304601,55.24644311527878,6.065319201225064
99.15856908617816,75.67211776717359,5.921665693906591
94.74839524147083,56.81538671070545,5.345158640587789
100.2943370631958,75.1112337572882,6.0988032341676055
108.28187033680612,58.37828265363231,5.9297635389226695
95.234219523622,69.28645730176123,5.693323167299601
105.91278993282967,70.82451720529494,6.30436180631379
108.32422837400534,65.3796425943516,6.130863492265932
102.02185337960705,59.15932030090194,5.702377919025596
112.50189288989972,56.379331291132885,6.1671193433501195
96.55835807521052,50.995680636872784,5.483012246957999
95.80330676165941,59.11839203722171,5.512927408114444
111.47653014888648,69.5948837159385,6.355220101557901
105.89179158894876,78.14914455345448,6.376501177690587
110.52165751426567,76.13613446789157,6.385968062516144
104.43585612648991,72.98194329605909,6.227388342657522
99.91364879773856,73.65342029759896,6.010043332620391
113.65845562418079,69.94954710427986,6.482840598059845
113.1859810952555,57.80860572698009,6.165682683981375
110.67271530050624,77.21585092117489,6.4359211147179325
100.5314832935191,70.12196935717502,5.979837868986451
108.1655360048581,66.8132189294132,6.326611549055785
102.66337352656065,53.32968407640443,5.622714715520438
96.19796975983922,63.411666314192765,5.642980635831768
116.01552581109382,63.81074813605779,6.288210922360171
97.28364714205507,75.9369082856801,5.83804051404036
116.80569649169925,66.39944660563366,6.581139380952049
104.70413855099093,61.41201646911229,5.848958222478654
98.44319029212687,79.30400985531978,5.922373122773146
107.0056227370806,53.32161779978947,5.8149074235175275
114.9507000610338,62.67645284935834,6.4555298325663255
111.57339727382947,51.26074025514216,6.027284780584531
113.35746754867479,72.19712362300791,6.321205388818026
109.81080080105721,77.54229656597451,6.280261952103558
110.61463754842846,58.401119886514685,6.0849945696238565
114.38069563756767,75.75025030397363,6.707904968375372
99.99203221262046,58.766546913856935,5.400221903572535
105.74619912743537,77.32310484931746,6.255068040105777
99.30902660367045,72.61885710790352,5.868658553671498
117.70403219191952,74.14720330524315,6.918459292562086
116.65742415247871,50.540196668013635,6.221885839050528
94.94624347284415,78.88431071222078,5.888566068996495
110.93380414037652,71.80012976210969,6.442149495567883
116.20595961797598,59.142532861584,6.199062192059879
98.333808283056,74.8818399457654,5.9994788933160015
107.6306855332631,58.4456359524479,6.033833218591426
115.971719142113,76.18261518698384,6.79320652910222
94.81470348605917,53.37741171235811,5.726833661763458
110.73808641392415,71.11057932382387,6.197014181153205
101.13637617694121,66.22095429934731,6.048025678925412
116.18550868903674,52.89603410586322,6.257523821183882
117.30539788396882,57.25681484776517,6.452612092174201
116.66239573872241,50.372121088319446,6.252699005478773
105.38114119977914,64.06303896393517,5.98098849992896
114.68902362374352,59.03795782280001,6.284781926700583
114.26918556484169,67.95072452893277,6.534078714553832
101.65841135783813,58.917134231258515,5.601253826060718
113.89397137961626,58.99757334520954,6.380238095739099
94.88818323317182,72.2957959619481,5.6742647242431685
108.31047708356927,51.44428507935061,5.789850236443594
99.52021209490488,77.08684985575962,5.97514525558633
96.89360525865469,75.56791623173544,5.997285482960427
95.84687683910101,70.03414049679219,5.660258758993767
110.71093062107536,67.79664710322153,6.373770181833783
102.15699913043359,76.76907494418957,6.059350832181756
111.39440251669028,55.559905385861434,6.199738405960653
95.56855217917462,52.369074865724855,5.416517119256375
101.56696810793464,57.18530509728615,5.899080550132423
106.94779101700809,73.83734836100571,6.271841168435556
112.97735595613513,51.0401080017945,6.1716486585377615
101.65006007036968,67.48420505250469,5.933743558170624
109.02139303448821,79.8631254857393,6.632812374453057
115.26346595766849,75.67088281512619,6.628390385636733
108.7807165163753,65.64337067130768,6.28250018795077
99.5910273940872,51.90922727859927,5.5003110486942415
94.58561875735691,74.94120543157129,5.748758135001636
114.88237297362232,67.96935524531631,6.538269137164168
94.5104658604093,53.447989911787005,5.347154801596826
114.99284014442078,52.81571854470069,6.219369273080753
106.69449121665309,77.28880458309777,6.368499514728397
116.53762476430951,70.07600788814236,6.803525077912994
113.17079765856798,74.87860397950267,6.6888029427871345
117.9504186528001,76.36936700846802,6.922071638795054
102.41708357084104,67.15317056144967,5.906278219314452
112.41251893434705,65.52339055265124,6.280107080275809
103.64634192662182,62.9128223096297,6.0178718887143505
105.51701488729381,59.50839763373358,6.026038301855872
109.06013111724089,63.037878825761354,6.315730544366164
114.96825074047213,73.2163896719047,6.577501014162416
117.61800326078308,68.05770293045394,6.631009339808283
112.43856193274843,76.77569869864539,6.431300844694044
104.02640277201601,63.30140043137563,5.9079690227621455
104.11256805464969,68.21268736156262,6.148976360748433
111.7019752381334,68.93922659275967,6.358723879648377
99.73065149843926,67.75091486918977,5.906945594333644
96.65137871515347,71.0790131925655,5.751841995433435
102.51093178337864,57.12300405124419,5.7878577140990775
100.89373579969796,65.37091332637372,5.732867238532316
101.11139489094376,53.12674408425043,5.621068596740868
99.60658602519784,61.53533982934438,5.413889570630718
95.01023655127268,64.63001205863793,5.549371270163831
94.42897443360194,69.56672778636417,5.477591080867856
117.70533735366476,78.5159315775861,6.987658264121318
104.2665552096607,68.01953199645068,6.130126359640196
103.22383953183237,72.3078174852968,6.137896226835001
110.31153478463368,65.18798178485608,6.419879323721576
99.23809330876153,69.02312094128993,5.751284965637584
116.7990684148054,52.1279664840132,6.473253728138063
112.87228034597325,57.63174742525541,6.325106720499943
96.14586405549423,60.85559279615416,5.520020209698429
104.02193861883828,64.17480065019541,6.078045265569925
115.09883938149196,51.36946236507151,6.096207668227405
116.67356853499385,54.20072292659953,6.251873626453946
105.21763626999687,58.30442923373917,5.840023244500673
108.72187334105698,79.14598072703151,6.422506144081793
98.0088147062098,59.940410213091525,5.5035491017652465
117.78804702728743,64.46123174336248,6.7119950578047165
99.56012083320265,55.88293138215179,5.571978625100171
116.62556257924302,68.32340213227305,6.649868855547084
109.59151957581685,58.42049646547923,6.042993173579974
108.58568307709263,56.2097773531528,5.828490955477371
106.3045242643962,65.49717885337937,6.120652904804559
99.5360754812262,50.165173974812625,5.291201378609454
98.2366727681322,50.22992097947676,5.418385289546937
99.29166901768421,56.57206427305573,5.462734887373624
98.4745182914621,51.101640875024636,5.6521137405393675
112.71002736560209,53.24077262392074,6.227902956147981
102.40300622000152,60.16581948016255,5.822027048630467
95.38822423752151,74.07757038739439,5.900392166201822
117.25846312337947,67.16145930107902,6.535228428827082
115.21086123912221,65.3800317786925,6.546437329201359
116.26605479668511,58.80466469624365,6.4280468031475735
117.87778774351445,77.95261158298449,6.889954688251207
98.17348598126769,61.91045123711575,5.783251243910038
103.50980845366381,52.61278300387315,5.783446250770314
112.19772341689819,68.51199548353404,6.448009829713601
110.70449483329102,53.41515180429804,5.884516559961227
97.69350175215652,60.35669428405076,5.507336835000113
113.57999499977483,65.22235816153426,6.403276044860981
99.38657372407985,76.22667574055527,6.0062665698223645
99.37162275574295,64.80639741020356,5.654830599745111
106.88738614944192,71.06776298094994,6.472455303901727
108.23055843620088,79.7845051699721,6.617704638553839
107.92206898810747,53.94467359693945,5.9955984084428735
96.19568409754612,58.241945765585584,5.500848385829661
115.05906070312912,61.837282267929396,6.3931824800092825
100.37440102212895,62.65484535616494,5.674753107116877
97.1083581107873,62.33063225796637,5.624236811996642
115.32995391685546,77.22833007669665,6.7601897818067025
116.93563595751408,71.4209793340057,6.566347147220085
114.69106281437081,68.23715642272111,6.559258596825598
113.42838579339707,59.28118153588346,6.274375086538063
109.72580753533651,74.71371152663883,6.2411548138351804
107.22057689461934,78.65181534454968,6.3119237660709135
96.08768223787385,74.6359484765068,5.775304116892295
103.80287711369677,50.046953155744184,5.860837298965257
102.94452440829554,69.0920411055022,6.0699997329367195
100.23409081024784,51.53406144326302,5.407667158416424
111.36208272852605,57.72821661001166,6.214461683925669
105.9010176418905,51.78574101043315,5.646530215199899
95.94510918178355,68.11386358848164,5.7880762903386
99.28439684679547,70.5976974047782,5.832639341019573
110.3982103278303,53.434629141977155,6.027248428717989
95.8271406277672,61.51516649134938,5.675104322830732
114.42896593717045,63.68709526866626,6.29432901568757
105.88351664833539,61.071590652827496,5.846478243720344
105.53407785583956,53.630750014555794,5.763288571169296
108.21778683182842,62.56843370562426,6.225006966646696
113.79234318220358,72.53534143425254,6.419427664336528
102.34742098965263,52.13022993599766,5.365022983443264
110.27238766141753,52.405400422457106,5.96524956737203
107.57756713589899,60.64313875507953,6.109027376208137
100.40867848406612,78.25177134856776,6.203452133728213
115.08711967252378,70.05717940168742,6.533747837088779
113.13822451856628,70.36009870017695,6.457279416627421
109.80284403180221,60.85759972513595,6.273670049359392
114.41396149826181,67.80982373625615,6.317850572177362
114.81506082303525,50.303935520832304,6.133904369934932
111.00071144116083,69.08288139228627,6.395732031690468
114.08831988072814,77.3986084272871,6.726868435307011
110.73931508006281,68.37720405034457,6.299832590290629
110.32337852224721,76.21095780399035,6.492215290751515
108.84667307716443,71.71919166398281,6.083651386410756
112.06519934938339,53.616752492110706,6.049444179331083
97.80652252703376,77.07359921857525,5.98811636934347
115.14089822077429,51.99331533067325,6.12297732312284
114.92424466588557,66.01902417643291,6.497869915652468
94.70193479282942,54.26411371380373,5.391556590033669
113.8196020135543,50.35119832192712,6.09465113696271
97.09287681936269,62.66102780382917,5.639446390047562
102.0428525022194,58.851221229624684,5.672679530663905
111.84419815099858,64.58001481392809,6.303928085103893
97.8582375051594,67.31599660203652,5.810962236731825
113.6312085788575,51.31217216926842,6.155345125530799
113.97122027098581,53.69009885371237,6.143853762312215
106.17922561026006,66.75927189351276,6.135672230761037
94.15326092120401,60.29502059517975,5.514258132421437
100.8889151961979,71.87520462648344,5.7725111485008265
108.80624604101781,69.56874945775819,6.403563467496555
117.54846827265817,75.3681308896972,6.763418216195455
109.16352464840004,70.77478480007676,6.37040329850356
100.23528594553983,62.897932321704445,5.888271206347904
109.21613687439067,70.18899867183298,6.181338763061193
106.95964911318053,58.26143522766256,5.907468814403621
112.71628948362745,59.18940496334638,6.227166256442592
96.567535331847,73.6695547976238,5.740554833773149
112.26466966004867,63.392585492047466,6.49325550212682
106.99039788822665,73.95141021555057,6.207918899898531
117.11180809261587,74.67267121004835,6.707930110419994
102.20493198492846,75.72687012983852,6.134198245078848
109.18292543521476,77.49905707523622,6.342997833481779
116.36867453224042,62.92955661539889,6.45561341508317
96.4602334717763,59.566004549634165,5.5637759233476345
116.49348369367482,67.46596239782342,6.558239973733584
110.50925733521952,61.13517270312883,6.18628134825746
95.62808941852413,68.03222500400699,5.610975312668888
101.22312560672358,71.16757587931474,5.826945138970779
110.99613012748677,70.6521505547641,6.44002818796611
95.61641443525052,61.23658661060364,5.70296368896307
107.97209104423055,55.00580605096258,5.96070038108797
102.30119336687096,62.915880153866226,5.884397716311272
108.90197242641945,54.27782432245726,6.055417521149707
95.09780881150031,76.70291105551425,5.68652656797313
114.91688334765703,60.376323822135724,6.5490376929002405
117.36373526025753,54.63379241669971,6.394276814687863
117.2530685268566,50.76343279717253,6.454842429560908
111.99164396183019,69.37467158859452,6.35381411050185
97.12206976313517,69.1070695236423,5.934440722069711
